Date,Time,Username
05-06-21,11:01:06,Panther#3667
05-06-21,11:04:25,XHunter#2404
05-07-21,11:00:10,XHunter#2404
05-07-21,11:01:04,Panther#3667
05-07-21,15:00:38,XHunter#2404
05-07-21,15:08:08,Panther#3667
05-10-21,11:00:14,Panther#3667
05-10-21,11:03:01,curiocity#4966
05-10-21,11:05:19,XHunter#2404
05-10-21,11:15:48,Sourav#3274
05-10-21,11:18:22,BenZee01#5645
05-10-21,15:01:40,Javeed#9053
05-10-21,15:05:36,Sammyishere#3853
05-10-21,15:12:10,XHunter#2404
05-10-21,15:18:07,Roshan Kumar#1821
05-10-21,15:20:08,RaviPrakash#4564
05-11-21,11:00:56,Javeed#9053
05-11-21,11:01:03,BenZee01#5645
05-11-21,11:01:09,XHunter#2404
05-11-21,11:01:11,Panther#3667
05-11-21,11:01:15,somya gupta#0556
05-11-21,11:02:33,Ritesh#3295
05-11-21,11:05:01,Sourav#3274
05-11-21,11:15:37,curiocity#4966
05-11-21,15:00:37,Panther#3667
05-11-21,15:00:56,somya gupta#0556
05-11-21,15:01:14,XHunter#2404
05-11-21,15:03:14,Javeed#9053
05-11-21,15:05:56,mekhla_biswas#0697
05-11-21,15:11:30,Ritesh#3295
05-11-21,15:17:31,Sammyishere#3853
05-11-21,15:20:04,Ritesh#3295
05-12-21,11:00:55,Panther#3667
05-12-21,11:01:00,Javeed#9053
05-12-21,11:01:30,Sammyishere#3853
05-12-21,11:02:16,somya gupta#0556
05-12-21,11:02:27,XHunter#2404
05-12-21,11:06:43,Sourav#3274
05-12-21,11:16:08,mekhla_biswas#0697
05-12-21,11:17:22,mekhla_biswas#0697
05-12-21,11:19:05,Harshita#7862
05-12-21,11:19:25,RaviPrakash#4564
05-12-21,11:19:42,Ritesh#3295
05-12-21,15:00:12,XHunter#2404
05-12-21,15:00:22,Javeed#9053
05-12-21,15:04:09,somya gupta#0556
05-12-21,15:16:11,mekhla_biswas#0697
05/13/21,11:00:49,Sammyishere#3853
05/13/21,11:00:57,Javeed#9053
05/13/21,11:01:24,somya gupta#0556
05/13/21,11:01:58,Panther#3667
05/13/21,11:02:48,XHunter#2404
05/13/21,11:06:27,Ritesh#3295
05/13/21,11:06:30,Ritesh#3295
05/13/21,11:06:42,Ritesh#3295
05/13/21,11:06:46,Ritesh#3295
05/13/21,11:06:47,Ritesh#3295
05/13/21,11:06:49,Ritesh#3295
05/13/21,11:10:35,Sourav#3274
05/13/21,11:15:28,mekhla_biswas#0697
05/13/21,11:16:58,Levi_12#1821
05/13/21,15:00:12,Panther#3667
05/13/21,15:00:15,Sammyishere#3853
05/13/21,15:00:30,Javeed#9053
05/13/21,15:01:34,Ritesh#3295
05/13/21,15:02:09,XHunter#2404
05/14/21,11:00:37,Javeed#9053
05/14/21,11:01:02,somya gupta#0556
05/14/21,11:01:11,Sourav#3274
05/14/21,11:02:22,Sammyishere#3853
05/14/21,11:02:54,Panther#3667
05/14/21,11:03:36,XHunter#2404
05/14/21,11:08:40,mekhla_biswas#0697
05/14/21,11:08:43,Ritesh#3295
05/14/21,11:11:15,BenZee01#5645
05/14/21,15:03:47,Panther#3667
05/14/21,15:04:05,somya gupta#0556
05/14/21,15:05:02,Sammyishere#3853
05/14/21,15:06:05,XHunter#2404
05/14/21,15:13:54,Javeed#9053
05/14/21,15:16:34,BenZee01#5645
05/14/21,15:18:16,Ritesh#3295
05/17/21,11:01:00,Panther#3667
05/17/21,11:01:09,Javeed#9053
05/17/21,11:02:17,XHunter#2404
05/17/21,11:02:26,somya gupta#0556
05/17/21,11:03:19,Sourav#3274
05/17/21,11:05:24,supriya#8681
05/17/21,11:08:44,Levi_12#1821
05/18/21,11:09:54,BenZee01#5645
